Fly ash (Kg/m3),Slag (Kg/m3),Metakaolin (Kg/m3),Sodium Silicate (Kg/m3),Sodium Hydroxide (Kg/m3),Superplasticizer (Kg/m3),Fine Aggregate (Kg/m3),Coarse Aggregate (Kg/m3),Water (Kg/m3),Curing Temperature (C),Curing Days,CS (Mpa)
408,0,0,103,41,0,647,1201,20,80,28,59.1
390,0,0,167,67,0,585,1092,0,25,28,23.4
400,0,0,165,69,0,585,1092,0,25,1095,25.1
360,40,0,114.3,45.7,0,651,1209,0,20,28,40.1
320,80,0,114.3,45.7,0,651,1209,0,21,56,50.01
360,40,0,96,64,0,651,1209,0,22,90,52.04
320,80,0,96,64,0,651,1209,0,20,180,70.01
400,0,0,100,40,6,658,1222,0,21,28,25.02
360,40,0,100,40,6,655,1216,8,22,56,35.04
320,80,0,100,40,6,655,1216,8,20,90,43.02
400,0,0,84,56,6,658,1222,0,21,180,37
360,40,0,84,56,6,655,1216,8,22,7,14
320,80,0,84,56,6,655,1216,8,20,7,25
400,0,0,114.3,45.7,0,651,1209,0,60,3,50
360,40,0,114.3,45.7,0,651,1209,0,60,7,55
320,80,0,114.3,45.7,0,651,1209,0,60,28,58
280,120,0,114.3,45.7,0,651,1209,0,60,56,60
360,40,0,100,40,0,651,1209,0,22,3,18
360,40,0,128.5,51.5,0,651,1209,0,22,7,28
360,40,0,96,64,0,651,1209,0,22,28,40
360,40,0,106.7,53.3,0,651,1209,0,22,56,45
174,0,174,317.9,0,0,350,916,139.2,22,28,62
174,0,174,317.9,0,0,350,916,139.2,100,28,63
174,0,174,317.9,0,0,350,916,139.2,300,28,45
174,0,174,317.9,0,0,350,916,139.2,500,28,22
174,0,174,317.9,0,0,350,916,139.2,700,28,18
174,0,174,317.9,0,0,350,916,139.2,800,28,15
450,0,0,143,57,31.5,850,950,54,25,28,24.67
405,45,0,143,57,31.5,850,950,54,25,28,25.45
360,90,0,143,57,31.5,850,950,54,25,28,28.12
270,135,0,143,57,31.5,850,950,54,25,28,30.89
427.5,0,0,143,57,31.5,850,950,54,25,28,32.41
405,0,0,143,57,31.5,850,950,54,25,28,36.54
382.5,0,0,143,57,31.5,850,950,54,25,28,38.55
329.56,0,0,82.5,32.99,6.6,648.35,1203.99,79.0944,100,3,40
321.41,0,0,80.35,32.14,6.43,648.35,1203.99,83.5666,100,7,44
313.53,0,0,78.22,31.28,6.27,648.35,1203.99,87.7884,100,28,48
304.32,0,0,76.07,30.4,6.09,648.35,1203.99,91.296,100,3,52
297.75,0,0,74.44,29.77,5.95,648.35,1203.99,95.28,100,7,54
322.03,0,0,103.51,41.4,6.44,648.35,1203.99,77.2872,100,28,56
313.56,0,0,100.79,40.31,6.27,648.35,1203.99,81.5256,100,3,45
305.08,0,0,98.07,39.22,6.1,648.35,1203.99,85.4224,100,7,46
296.6,0,0,95.34,38.13,5.93,648.35,1203.99,88.98,100,28,47
289.95,0,0,93.2,37.28,5.8,648.35,1203.99,92.784,100,3,45
314.11,0,0,123.4,49.36,6.28,648.35,1203.99,75.3864,100,7,48
305.59,0,0,120.05,48.02,6.11,648.35,1203.99,79.4534,100,28,49
297.62,0,0,116.92,46.77,5.95,648.35,1203.99,83.3336,100,3,45
289.77,0,0,113.84,45.52,5.79,648.35,1203.99,86.931,100,7,51
282.48,0,0,110.97,44.39,5.65,648.35,1203.99,90.3936,100,28,58
292.67,0,0,135.89,41.45,5.85,648.35,1203.99,70.2408,100,3,37
292.67,0,0,135.89,49.03,5.85,648.35,1203.99,76.0942,100,7,39
290.37,0,0,134.81,53.93,5.81,648.35,1203.99,81.3036,100,28,41
282.48,0,0,131.14,52.46,5.65,648.35,1203.99,84.744,100,3,41
275.42,0,0,127.87,51.15,5.51,648.35,1203.99,88.1344,100,7,44
350,0,0,103,41,0,645,1200,35,35,56,18
339.5,10.5,0,103,41,0,645,1200,35,36,56,19
325.5,24.5,0,103,41,0,645,1200,35,34,56,10
350,0,0,103,41,0,645,1200,35,55,28,44
339.5,10.5,0,103,41,0,645,1200,35,56,28,29
325.5,24.5,0,103,41,0,645,1200,35,54,28,32
350,0,0,103,41,0,645,1200,35,65,7,42
339.5,10.5,0,103,41,0,645,1200,35,65,7,58
325.5,24.5,0,103,41,0,645,1200,35,65,7,44
221,0,0,25.5,51,0,0,1768,0,60,7,8.5
221,0,0,25.5,51,0,0,1768,0,60,7,9.3
221,0,0,25.5,51,0,0,1768,0,60,7,5.4
221,0,0,29.5,59,0,0,1768,0,60,7,10.1
221,0,0,29.5,59,0,0,1768,0,60,7,9.9
221,0,0,29.5,59,0,0,1768,0,60,7,8.4
221,0,0,33,66,0,0,1768,0,60,7,10.2
221,0,0,33,66,0,0,1768,0,60,7,11.4
221,0,0,33,66,0,0,1768,0,60,7,9.6
368,0,0,131,53,0,554,1294,0,23,28,85.66
368,0,0,131,53,0,554,1294,0,24,60,86.15
368,0,0,131,53,0,554,1294,0,25,90,88.22
428,0,0,122,49,8.5,630,1170,43,75,3,30
444,0,0,111,44,9,630,1170,43,75,3,30
428,0,0,114,57,8.5,630,1170,43,75,3,40
428,0,0,122,49,8.5,630,1170,43,75,3,28
428,0,0,122,49,8.5,630,1170,43,75,3,32
428,0,0,122,49,8.5,630,1170,43,75,3,32
428,0,0,122,49,13,630,1170,43,75,3,30
428,0,0,122,49,17,630,1170,43,75,3,29
428,0,0,122,49,8.5,630,1170,43,75,3,36
428,0,0,122,49,8.5,630,1170,43,75,3,45
428,0,0,114,57,4.3,630,1170,43,75,3,30
428,0,0,114,57,4.3,630,1170,64,75,3,24
428,0,0,114,57,4.3,630,1170,86,75,3,20
428,0,0,114,57,4.3,630,1170,43,75,7,32
428,0,0,114,57,4.3,630,1170,43,75,7,35
428,0,0,114,57,4.3,630,1170,43,75,7,43
428,0,0,114,57,4.3,630,1170,43,75,7,46
428,0,0,114,57,4.3,630,1170,43,75,7,38
428,0,0,114,57,4.3,630,1170,43,75,7,46
428,0,0,114,57,4.3,630,1170,43,75,7,49
400,0,0,143,57,12,850,950,48,70,28,42.3
400,0,0,143,57,16,850,950,48,70,28,44.2
400,0,0,143,57,20,850,950,48,70,28,48.5
400,0,0,143,57,24,850,950,48,70,28,51.6
400,0,0,143,57,28,850,950,48,70,28,53.8
0,400,0,24,8,0,640,1150,160,21,90,65
100,300,0,24,8,0,640,1150,154,22,90,66
200,200,0,24,8,0,640,1150,144,23,90,63
293,88,0,0,215,0,760,1005,160,20,28,37.4
293,88,0,0,215,0,760,1005,152,20,28,26.6
293,88,0,0,215,0,760,1005,167,20,28,29.9
293,88,0,0,215,0,760,1005,160.02,20,28,30.7
344,34,0,0,215,0,760,1005,166,20,56,15.5
316,63,0,0,215,0,760,1005,166.76,20,56,23
293,88,0,0,215,8.5,760,1005,169,20,56,30.6
272,108,0,0,215,8.5,760,1005,167.2,20,56,39.1
253,126,0,0,215,8.5,760,1005,166.68,20,56,27.8
408,0,0,103,41,0,647,1201,20,60,28,39.8
408,0,0,103,41,0,647,1201,20,80,28,58
0,0,363.1,128.4,51.5,0,648.6,1203.6,0,60,3,43.52
0,18.2,344.9,128.4,51.5,0,648.6,1203.6,0,60,3,59.57
0,36.3,326.8,128.4,51.5,0,648.6,1203.6,0,60,3,63.65
0,72.6,290.5,128.4,51.5,0,648.6,1203.6,0,60,3,69.13
0,108.4,254.2,128.4,51.5,0,648.6,1203.6,0,60,3,59.02
0,72.6,290.5,116.7,46.7,0,635.6,1212.7,0,60,3,57.4
0,72.6,290.5,140.5,56.2,0,643.8,1194.4,0,60,3,48.03
0,72.6,290.5,128.4,51.5,0,648.6,1203.6,0,60,3,48.65
0,72.6,290.5,128.4,51.5,0,648.6,1203.6,0,60,3,54.48
0,72.6,290.5,128.4,51.5,0,648.6,1203.6,0,60,3,42.23
0,72.6,290.5,128.4,51.5,0,648.6,1203.6,0,90,3,64.21
0,72.6,290.5,128.4,51.5,0,648.6,1203.6,0,75,3,65.32
0,72.6,290.5,128.4,51.5,0,648.6,1203.6,0,40,3,24.23
0,72.6,290.5,128.4,51.5,0,648.6,1203.6,0,25,3,5.68
408,0,0,103,41,0,554,1293,55,60,28,46
408,0,0,103,41,0,554,1293,55,60,56,50
408,0,0,103,41,0,554,1293,55,60,90,52
360,40,0,114.3,45.7,0,651,1209,0,20,90,47
320,80,0,114.3,45.7,0,651,1209,0,21,90,54
360,40,0,96,64,0,651,1209,0,22,90,52
320,80,0,96,64,0,651,1209,0,20,90,68
360,40,0,114.3,45.7,0,651,1209,0,20,180,49
320,80,0,114.3,45.7,0,651,1209,0,21,180,59
360,40,0,96,64,0,651,1209,0,22,180,54
320,80,0,96,64,0,651,1209,0,20,180,70
388,0,0,113,45,4,554,1293,77.6,100,7,30.2
0,0,388,113,45,4,554,1293,77.6,100,7,20
349.2,0,38.8,113,45,4,554,1293,77.6,100,7,34.12
194,0,194,113,45,4,554,1293,77.6,100,7,54
570,0,0,107,53,0,658,780,0,50,3,31.5
570,0,0,107,53,0,658,780,0,50,3,47.7
570,0,0,107,53,0,658,780,0,50,3,50.3
620,0,0,107,53,0,610,780,0,50,3,40.9
0,0,0,107,53,0,658,780,0,22,28,33.7
0,0,0,107,53,0,658,780,0,22,28,44.7
0,0,0,107,53,0,658,780,0,22,28,46.7
0,60,0,107,53,0,658,780,0,22,28,35
0,60,0,107,53,0,658,780,0,22,28,45.7
0,60,0,107,53,0,658,780,0,22,28,52.6
0,60,0,107,53,0,658,780,0,22,28,50.8
0,60,0,107,53,0,610,780,0,22,28,48.7
0,60,0,107,53,0,658,780,0,22,28,45.6
0,60,0,107,53,0,658,780,0,22,28,43.7
0,0,222.5,183.9,18.7,0,875,1161.4,2.6,20,7,24.6
0,0,210.1,173.7,17.7,0,867,1150.9,22.3,20,7,47.7
0,0,196.9,162.8,16.6,0,858.6,1139.7,43.4,20,7,26.3
0,0,289,238.9,24.2,0,796.3,1055.3,3.2,20,7,58.5
0,0,272,225,22.9,0,786.8,1042.7,29,20,7,49.5
0,0,254.2,210.1,21.3,0,776.9,1029.6,56.2,20,7,18.8
0,0,350,289.4,29.4,0,723.5,957.9,3.9,20,7,65.4
0,0,328.7,271.8,27.6,0,713.2,944.3,35,20,7,44.8
0,0,306.4,253.3,25.8,0,702.4,929.9,67.6,20,7,19
450,0,0,162,108,0,500,1150,0,23,7,40
450,0,0,162,108,0,500,1150,0,23,7,41.4
450,0,0,162,108,0,500,1150,0,23,7,38.4
450,0,0,162,108,0,500,1036,0,23,7,30.6
450,0,0,162,108,0,500,1036,0,23,7,42.1
450,0,0,162,108,0,500,1036,0,23,7,34.8
418,0,0,179,72,0,593,1079,0,90,7,30
431,0,0,154,62,0,612,1113,0,90,7,25
445,0,0,127,51,0,632,1149,0,90,7,20
271.6,38.8,77.6,138.7,55.3,0,620.8,1221.2,13.3,60,28,50.8
271.6,38.8,77.6,138.7,55.3,0,620.8,1221.2,13.3,75,28,62.5
271.6,38.8,77.6,138.7,55.3,0,620.8,1221.2,13.3,90,28,61.9
350,0,0,100,40,10.5,920,920,35,50,28,22.5
450,0,0,100,40,10.5,830,830,35,50,28,28
400,0,0,100,40,10.5,875,875,35,50,28,38
400,0,0,100,40,10.5,875,875,35,50,28,36
400,0,0,100,40,10.5,875,875,35,28,28,26
400,0,0,100,40,10.5,875,875,35,70,28,39
400,0,0,100,40,10.5,875,875,35,90,28,41
408,0,0,118,47,0,554,1233,0,60,7,41.1
408,0,0,118,47,0,554,1231,0,60,7,40.6
408,0,0,118,47,0,554,1232,0,60,7,37.4
408,0,0,118,47,0,554,1234,0,60,7,35
416,0,0,292,65,0,699,927,8,80,90,43.2
420,0,0,241,92,0,706,936,15,80,90,37.8
412,0,0,342,39,0,693,918,0,80,90,25.2
416,0,0,292,65,0,699,927,8,80,365,47.9
420,0,0,241,92,0,706,936,15,80,365,43.9
412,0,0,342,39,0,693,918,0,80,365,26.9
271.6,38.8,77.6,138.7,55.3,0,620.8,1221.2,13.3,25,28,41.7
271.6,38.8,77.6,138.7,55.3,0,620.8,1221.2,13.3,60,28,50.8
271.6,38.8,77.6,138.7,55.3,0,620.8,1221.2,13.3,75,28,62.5
271.6,38.8,77.6,138.7,55.3,0,620.8,1221.2,13.3,90,28,61.9
400,0,0,100,40,10.5,875,875,35,50,28,36
400,0,0,100,40,10.5,880,880,30,50,28,34
400,0,0,100,40,10.5,895,895,20,50,28,32
400,0,0,100,40,10.5,910,910,10,50,28,28
400,0,0,100,40,7.5,880,880,35,50,28,33
400,0,0,100,40,5,885,885,35,50,28,31.8
400,0,0,100,40,2.5,887,887,35,50,28,30
400,0,0,100,40,10.5,875,875,35,50,28,28
400,0,0,100,40,10.5,875,875,35,50,28,18
400,0,0,128.5,51.5,10.5,840,840,35,50,28,26
400,0,0,114,46,10.5,860,860,35,50,28,21.9
400,0,0,85.5,34.5,10.5,895,895,35,50,28,25.8
400,0,0,107.5,32.5,10.5,875,875,35,50,28,33.5
400,0,0,93,47,47,875,875,35,50,28,30.9
474,0,0,0,61.6,7.125,793,793,163,25,7,30.3
474,0,0,0,61.6,7.125,793,793,163,35,7,30.1
474,0,0,0,61.6,7.125,793,793,163,45,7,68.5
474,0,0,0,61.6,7.125,793,793,163,70,7,101
400,0,0,113,45,4,554,1293,80,100,21,5.9
380,0,0,113,45,4,554,1293,80,100,21,19.6
360,0,0,113,45,4,554,1293,80,100,21,32.3
340,0,0,113,45,4,554,1293,80,100,21,23.8
320,0,0,113,45,4,554,1293,80,100,21,79.9
280,0,0,113,45,4,554,1293,80,100,21,58.3
240,0,0,113,45,4,554,1293,80,100,21,61.2
100,300,0,125,30,0,671,1033,105,25,28,88.6
100,300,0,125,30,0,671,1033,105,200,28,104.8
100,300,0,125,30,0,671,1033,105,400,28,107.3
100,300,0,125,30,0,671,1033,105,600,28,95.9
100,300,0,125,30,0,671,1033,105,800,28,36.7
474,0,0,0,61.6,7.11,793,793,163,75,7,106
408,0,0,103,41,6.12,739,1110,0,75,7,60.7
408,0,0,103,41,6.12,922.7,922.7,22.5,75,7,38.5
0,0,410,103,41,19.98,666,740,101,25,28,22.4
0,0,410,103,41,19.98,666,740,124,25,28,16.4
0,0,410,103,41,19.98,666,740,148,25,28,13.2
0,0,410,103,41,19.98,666,740,101,25,28,21.4
0,0,410,41,103,19.98,666,740,101,25,28,13.8
0,0,410,103,41,19.98,666,740,98,25,28,18.3
0,0,410,103,41,19.98,666,740,95,25,28,16.1
0,0,410,41,103,19.98,666,740,94,25,28,10.8
0,0,410,41,103,19.98,666,740,87,25,28,8.9
0,0,410,103,41,19.98,666,740,101,25,28,19.6
0,0,410,103,41,19.98,666,740,101,25,28,16.6
0,0,410,96,48,19.98,666,740,101,25,28,19.5
0,0,410,108,36,19.98,666,740,101,25,28,23.1
0,0,410,117,47,19.98,666,740,92,25,28,23.5
0,0,410,132,53,19.98,666,740,83,25,28,24.1
0,0,410,146.5,58.5,19.98,666,740,74,25,28,19.8
0,0,410,88,35,19.98,666,740,110,25,28,18.7
0,414,0,138,69,8.3,515,956,0,26,28,48
0,414,0,138,69,8.3,510,961,0,27,28,50
0,414,0,138,69,8.3,505,966,0,28,28,53
0,414,0,138,69,8.3,500,971,0,29,28,56
0,414,0,138,69,8.3,495,976,0,30,28,58
0,560,0,108,32,0,688,1148,0,60,3,10.15
0,560,0,108,32,0,688,1148,0,60,7,17.25
0,560,0,108,32,0,688,1148,0,60,28,27.35
0,560,0,108,32,0,688,1148,0,60,56,31.2
0,560,0,129,39,0,688,1148,0,80,3,28.1
0,560,0,129,39,0,688,1148,0,80,7,31.33
0,560,0,129,39,0,688,1148,0,80,28,32.96
0,560,0,129,39,0,688,1148,0,80,56,51.67
0,560,0,151,45,0,688,1148,0,100,3,23.44
0,560,0,151,45,0,688,1148,0,100,7,28.82
0,560,0,151,45,0,688,1148,0,100,28,34.97
0,560,0,151,45,0,688,1148,0,100,56,41.85
0,560,0,82,58,0,688,1148,0,60,3,24.96
0,560,0,82,58,0,688,1148,0,60,7,27.24
0,560,0,82,58,0,688,1148,0,60,28,32.76
0,560,0,82,58,0,688,1148,0,60,56,49.24
0,560,0,89,69,0,688,1148,0,80,3,38.71
0,560,0,89,69,0,688,1148,0,80,7,42.42
0,560,0,89,69,0,688,1148,0,80,28,44.64
0,560,0,89,69,0,688,1148,0,80,56,50.71
0,560,0,115,81,0,688,1148,0,100,3,18.95
0,560,0,115,81,0,688,1148,0,100,7,22.25
0,560,0,115,81,0,688,1148,0,100,28,34.98
0,560,0,115,81,0,688,1148,0,100,56,41.95
0,560,0,86,54,0,688,1148,0,60,3,19.44
0,560,0,86,54,0,688,1148,0,60,7,22.8
0,560,0,86,54,0,688,1148,0,60,28,24.17
0,560,0,86,54,0,688,1148,0,60,56,32.64
0,560,0,104,64,0,688,1148,0,80,3,28.26
0,560,0,104,64,0,688,1148,0,80,7,29.84
0,560,0,104,64,0,688,1148,0,80,28,39.05
0,560,0,104,64,0,688,1148,0,80,56,44.71
0,560,0,121,75,0,688,1148,0,100,3,28.21
0,560,0,121,75,0,688,1148,0,100,7,29.99
0,560,0,121,75,0,688,1148,0,100,28,37.64
0,560,0,121,75,0,688,1148,0,100,56,42.26
424.8,0,0,95.04,63.36,48,576,1176,16.8,110,14,47.37
424.8,0,0,95.04,63.36,48,576,1176,16.8,110,28,49.51
424.8,0,0,95.04,63.36,48,576,1176,16.8,110,56,52.14
240,180,0,100,60,0,680,1080,0,23,7,39
200,200,0,100,60,0,680,1080,0,23,28,49
180,240,0,100,60,0,680,1080,0,23,90,48.12
240,180,0,100,60,0,680,1080,0,23,180,51.22
200,200,0,100,60,0,680,1080,0,23,360,58.45
180,240,0,100,60,0,680,1080,0,23,600,52.94
310,0,0,123,49,6.2,649,1204,0,80,3,40
310,0,0,123,49,6.2,649,1204,0,80,7,42
310,0,0,123,49,6.2,649,1204,0,80,28,44
310,0,0,123,49,6.2,649,1204,0,80,90,46
310,0,0,123,49,6.2,649,1204,0,80,365,48
237,158,0,129,52,7.9,547,1277,0,30,3,18.56
237,158,0,129,52,7.9,547,1277,0,31,7,24.49
237,158,0,129,52,7.9,547,1277,0,32,28,28.36
237,158,0,129,52,14.32,547,1277,0,30,3,22.34
237,158,0,129,52,14.32,547,1277,0,31,7,31.24
237,158,0,129,52,14.32,547,1277,0,32,28,34.84
237,158,0,129,52,11.06,547,1277,0,30,3,24.94
237,158,0,129,52,11.06,547,1277,0,31,7,32.62
237,158,0,129,52,11.06,547,1277,0,32,28,37.24
237,158,0,129,52,17.48,547,1277,0,30,3,21.72
237,158,0,129,52,17.48,547,1277,0,31,7,29.64
237,158,0,129,52,17.48,547,1277,0,32,28,33.2
409,0,0,102,41,6,591,1256,22.5,60,90,39
400,0,0,113,45,0,554,1293,0,100,28,33.5
360,0,0,113,45,0,554,1293,0,100,28,42
320,0,0,113,45,0,554,1293,0,100,28,64.18
415,0,0,59,148,0,747,1214,0,60,1,54
415,0,0,59,148,0,747,1214,0,60,7,56
415,0,0,59,148,0,747,1214,0,60,28,59
415,0,0,59,148,0,747,1214,0,60,81,64
0,415,0,71,46,0,784,1037,136,23,28,39.5
0,415,0,71,46,0,784,1037,136,23,56,41.6
0,415,0,71,46,0,784,1037,136,23,90,41.3
0,415,0,71,46,0,784,1037,136,23,180,40.2
0,415,0,71,46,0,784,1037,136,23,360,40.4
0,415,0,71,46,0,784,1037,136,23,540,40.4
409,0,0,204,129,0,686,909,10,80,28,22.4
409,0,0,204,129,0,686,909,10,80,56,25.1
409,0,0,204,129,0,686,909,10,80,90,27
409,0,0,204,129,0,686,909,10,80,180,31.1
409,0,0,204,129,0,686,909,10,80,360,33.2
409,0,0,204,129,0,686,909,10,80,540,33.2
320,80,0,158.37,28.55,0,972.72,704.39,0,25,28,46
320,80,0,158.37,28.55,0,972.72,704.39,0,300,28,38
320,80,0,158.37,28.55,0,972.72,704.39,0,500,28,29
320,80,0,158.37,28.55,0,972.72,704.39,0,700,28,25
320,80,0,158.37,28.55,0,972.72,704.39,0,900,28,22
320,80,0,158.37,28.55,0,972.72,704.39,0,1100,28,18
0,414,0,138,69,0,515,956,0,26,7,37
0,414,0,138,69,0,515,956,0,26,28,50
0,414,0,138,69,8.3,515,950,0,27,7,40
0,414,0,138,69,8.3,515,950,0,27,28,52
0,414,0,138,69,8.3,515,962,0,28,7,42
0,414,0,138,69,8.3,515,962,0,28,28,55
0,414,0,138,69,8.3,515,968,0,29,7,41
0,414,0,138,69,8.3,515,968,0,29,28,49
0,414,0,138,69,8.3,515,944,0,30,7,32
0,414,0,138,69,8.3,515,944,0,30,28,48
0,414,0,132,56,0,602,1011,10,23,28,56.3
0,414,0,132,56,0,602,1011,10,23,90,69.5
0,402,0,127,54,0,602,1011,22,24,28,63.5
0,402,0,127,54,0,602,1011,22,24,90,85.3
0,381,0,121,52,0,602,1011,31,25,28,70
0,381,0,121,52,0,602,1011,31,25,90,89
0,360,0,116,49,0,602,1011,39,22,28,72
0,360,0,116,49,0,602,1011,39,22,90,92
219,0,219,208.5,208.5,0,616,1434,0,22,3,32
219,0,219,208.5,208.5,0,616,1434,0,22,7,36.15
219,0,219,208.5,208.5,0,616,1434,0,22,14,46.21
219,0,219,208.5,208.5,0,616,1434,0,25,28,48.13
219,0,219,208.5,208.5,0,616,1434,0,100,28,48.12
219,0,219,208.5,208.5,0,616,1434,0,300,28,50.92
219,0,219,208.5,208.5,0,616,1434,0,500,28,39.9
219,0,219,208.5,208.5,0,616,1434,0,700,28,26.98
226,0,226,171.5,171.5,0,634,1477,0,22,3,38.12
226,0,226,171.5,171.5,0,634,1477,0,22,7,44.21
226,0,226,171.5,171.5,0,634,1477,0,22,14,55.12
226,0,226,171.5,171.5,0,634,1477,0,25,28,63.92
413,0,0,103.3,41.3,0,567,1276,0,80,28,34.04
413,0,0,118,47.2,0,567,1276,0,80,28,36.98
413,0,0,132.8,53.1,0,567,1276,0,80,28,34.27
413,0,0,147.5,59,0,567,1276,0,80,28,30.18
413,0,0,162.3,64.9,0,567,1276,0,80,28,27.35
413,0,0,177,70.8,0,567,1276,0,80,28,25.12
413,0,0,191.8,76.7,0,567,1276,0,80,28,21.33 
368.6,0,0,131.6,52.7,0,567,1276,0,80,28,41.32
460.8,0,0,164.6,65.8,0,567,1276,0,80,28,35.61
526.6,0,0,188.1,75.2,0,567,1276,0,80,28,28.64
371.7,0,0,147.5,59,0,567,1276,0,80,28,36.21
351.1,0,0,147.5,59,0,567,1276,0,80,28,39.41
330.4,0,0,147.5,59,0,567,1276,0,80,28,40.12
350,0,0,112.5,45,7,533,1243,26,27,3,6.3
350,0,0,112.5,45,7,533,1243,26,27,7,12
350,0,0,112.5,45,7,533,1243,26,27,28,21.23
375,0,0,120.5,48.21,7.5,521,1215,28,27,3,8.3
375,0,0,120.5,48.21,7.5,521,1215,28,27,7,12.6
375,0,0,120.5,48.21,7.5,521,1215,28,27,28,29.91
400,0,0,128.5,51.42,8,508,1186,28,27,3,11.2
400,0,0,128.5,51.42,8,508,1186,28,27,7,14.35
400,0,0,128.5,51.42,8,508,1186,28,27,28,27.62
350,0,0,112.5,45,7,531,1239,30,27,3,9.5
350,0,0,112.5,45,7,531,1239,30,27,7,13.56
350,0,0,112.5,45,7,531,1239,30,27,28,33.11
375,0,0,120.5,48.21,7.5,519,1210,30,27,3,12.5
375,0,0,120.5,48.21,7.5,519,1210,30,27,7,16.81
375,0,0,120.5,48.21,7.5,519,1210,30,27,28,34.86
400,0,0,128.5,51.42,8,506,1181,32,27,3,14.82
400,0,0,128.5,51.42,8,506,1181,32,27,7,18.36
400,0,0,128.5,51.42,8,506,1181,32,27,28,34.69
350,0,0,112.5,45,7,530,1236,32,27,3,10
350,0,0,112.5,45,7,530,1236,32,27,7,17.94
350,0,0,112.5,45,7,530,1236,32,27,28,32.48
375,0,0,120.5,48.21,7.5,517,1207,34,27,3,12.16
375,0,0,120.5,48.21,7.5,517,1207,34,27,7,20.06
375,0,0,120.5,48.21,7.5,517,1207,34,27,28,36.94
400,0,0,128.5,51.42,8,505,1178,36,27,3,15
400,0,0,128.5,51.42,8,505,1178,36,27,7,24.86
400,0,0,128.5,51.42,8,505,1178,36,27,28,40.03
450,0,0,162,108,0,500,1150,0,60,7,35.2
405,0,45,162,108,0,500,1150,0,60,7,45
360,0,90,162,108,0,500,1150,0,60,7,50.6
315,0,135,162,108,0,500,1150,0,60,7,58.5
450,0,0,162,108,0,500,1036,0,60,7,32.9
405,0,45,162,108,0,500,1036,0,60,7,40.4
360,0,90,162,108,0,500,1036,0,60,7,45
315,0,135,162,108,0,500,1036,0,60,7,47.2
400,0,0,143,57,0,850,950,80,70,28,22.6
400,0,0,143,57,0,850,950,60,70,28,37.3
400,0,0,143,57,0,850,950,48,60,28,44.8
400,0,0,143,57,0,850,950,40,70,28,53.5
400,0,0,100,40,0,658,1222,0,21,28,25
400,0,0,84,56,0,658,1222,0,23,28,27
408,0,0,103,41,0,554,1294,21.3,30,28,32
408,0,0,103,41,0,554,1294,10.7,30,28,35
408,0,0,103,51.5,0,554,1294,16.5,60,28,36
408,0,0,103,41,0,647,1201,20.7,90,28,37
408,0,0,103,41,0,647,1201,26.5,60,28,40
408,0,0,103,41,0,554,1294,16.5,60,28,40
408,0,0,103,51.5,0,554,1294,16.5,60,28,41
408,0,0,103,51.5,0,554,1294,16.5,60,28,41
408,0,0,103,51.5,0,554,1294,16.5,60,28,42
408,0,0,103,41,0,647,1201,14.4,60,28,42
408,0,0,103,41,0,647,1201,17.6,60,28,43
408,0,0,103,41,0,554,1294,0,60,28,44
408,0,0,103,41,0,647,1201,7.5,60,28,45
408,0,0,103,55.4,0,647,1201,0,75,28,44
476,0,0,120,48,0,554,1294,0,60,28,57
408,0,0,103,41,0,647,1201,0,60,28,63
476,0,0,120,48,0,554,1294,0,60,28,68
408,0,0,103,41,0,647,1201,0,90,28,89
408,0,0,103,41,0,554,1246,20,60,28,29
408,0,0,103,41,0,554,1080,20,80,28,29
408,0,0,103,41,0,554,1243,20,40,28,25
408,0,0,103,48,0,616,1232,0,60,28,28
408,0,0,103,41,0,616,1232,21.3,60,28,32
408,0,0,103,55.4,0,616,1232,0,60,28,33
408,0,0,103,41,0,616,1232,10.6,60,28,35
408,0,0,103,41,0,616,1232,20.7,60,28,45
408,0,0,103,41,0,616,1232,26.5,60,28,48
408,0,0,103,41,0,616,1232,14.4,60,28,51
408,0,0,103,41,0,616,1232,7.5,60,28,52
408,0,0,103,41,0,616,1232,0,60,28,55
408,0,0,103,41,0,616,1232,0,60,28,66.8
420.6,0,0,80.1,37.6,0,555.7,1032,113.6,60,28,33.8
350,0,0,103,41,0,645,1200,35,80,28,20
365.2,0,0,73,34.3,0,602,1118,103.5,100,28,35.3
254.5,0,0,48.5,22.8,0,694.7,1290,68.7,100,28,36.8
309.9,0,0,59,27.7,0,648.4,1204,83.7,100,28,42
400,0,0,105.7,42.3,0,540,1265,24.3,100,28,44
405,0,0,132.4,52.9,0,545,1235,28,100,28,46
380,0,0,141.3,56.5,0,540,1233,14.6,100,28,49
400,0,0,128.6,51.5,0,535,1356,12.7,100,28,52
420,0,0,100,40,0,750,1125,0,100,28,70.5
350,0,0,103,41,0,645,1200,35,60,28,48
408,0,0,103,41,0,554,1294,22.5,60,28,36
408,0,0,103,41,0,554,1294,0,60,28,56
400,0,0,144,57,0,850,950,48,60,28,48.5
400,0,0,114.3,45.7,0,651,1209,70,75,28,26
428.6,0,0,102.9,68.6,0,623,1177,28.5,23,28,28.6
394.3,0,0,105.1,52.6,0,647,1201,21.5,60,28,29.7
408.9,0,0,85.9,57.2,0,623,1177,24.5,75,28,35.7
480,0,0,112,56,0,599,1153,23.7,70,28,37.1
444.4,0,0,111.1,44.4,0,623,1177,18.6,60,28,38.7
498.5,0,0,89.7,59.8,0,599,1153,26.5,60,28,39.9
461.5,0,0,92.3,46.2,0,623,1177,18.6,75,28,42.5
462.9,0,0,132.2,52.9,0,599,1153,21.2,75,28,49.6
424.6,0,0,91,36.4,0,623,1177,16,70,28,54.9
406,0,0,102,41,0,643,1194,26.8,70,28,37
404,0,0,102,41,0,640,1195,20,60,28,50
408,0,0,103,41,0,554,1294,22.5,60,28,45
408,0,0,103,41,0,554,1294,0,60,28,58
408,0,0,93,62,0,647,1201,4,60,28,32
408,0,0,93,62,0,647,1201,0,60,28,36
408,0,0,103,68,0,647,1201,0,60,28,48
368,0,0,131,53,0,554,1294,0,60,28,54.7
378,0,0,124,50,0,554,1294,0,35,28,34.6
408,0,0,138,63,0,647,1201,0,70,28,54.2
404,0,0,102,41,0,640,1190,25.5,70,28,37
404,0,0,102,41,0,640,1190,17,60,28,46
404,0,0,102,41,0,640,1190,13.5,60,28,76
408,0,0,103,41,0,647,1202,26,60,28,42
404,0,0,102,41,0,640,1190,16.5,60,28,66
428,0,0,114,57,0,630,1170,86,60,28,20
428,0,0,114,57,0,630,1170,64,75,28,24
428,0,0,122,49,0,630,1170,43,75,28,28
428,0,0,122,49,0,630,1170,43,75,28,29
444,0,0,111,44,0,630,1170,43,75,28,30
428,0,0,122,49,0,630,1170,43,75,28,30
428,0,0,114,57,0,630,1170,43,75,28,30
428,0,0,114,57,0,630,1170,43,75,28,32
428,0,0,114,57,0,630,1170,43,75,28,35
428,0,0,114,57,0,630,1170,43,75,28,40
428,0,0,114,57,0,630,1170,43,75,28,43
408,0,0,103,41,0,554,1294,22.5,75,28,36
416,0,0,292,65,0,699,927,8,80,28,82.5
416,0,0,292,65,0,699,927,8,80,28,36.9
420,0,0,241,92,0,706,936,15,80,28,24.9
412,0,0,342,39,0,693,918,0,80,28,29.6
408,0,0,103,41,0,554,1294,0,60,28,56
494,0,0,99,99,0,691,858,0,60,28,42.1
409,0,0,204,129,0,686,909,10,80,28,22.4
500,0,0,161,65,6,575,1150,0,70,28,51.63
500,0,0,161,65,6,575,1150,0,70,28,48.4
500,0,0,161,65,6,575,1150,0,70,28,44.82
500,0,0,161,65,6,575,1150,0,70,28,42.71
200,200,0,56,9,0,716,1074,145,21,28,31.7
200,200,0,74,12,0,712,1068,133,21,28,49.3
200,200,0,93,15,0,708,1062,122,21,28,58.2
200,200,0,62,19,0,712,1068,139,21,28,44.4
200,200,0,124,12,0,704,1056,104,21,28,65
200,200,0,93,15,0,716,1074,102,21,28,65.7 
200,200,0,93,15,0,700,1050,142,21,28,42.3
300,100,0,74,12,0,712,1068,133,21,28,52.1
400,0,0,74,12,0,712,1068,133,21,28,63.1
350,150,0,120,80,7.5,628,1007,122,27,28,66.23
350,150,0,120,80,7.5,628,1007,122,27,56,67.82
280,120,0,120,80,4.8,680,1091,122,27,28,56.42
280,120,0,120,80,4.8,680,1091,122,27,56,58.4
233,100,0,120,80,2.5,704,1129,122,27,28,49.58
233,100,0,120,80,2.5,704,1129,122,27,56,51.66
200,85,0,120,80,0,726,1163,122,27,28,39.6
200,85,0,120,80,0,726,1163,122,27,56,41.65
175,75,0,120,80,0,742,1190,122,27,28,32.73
175,75,0,120,80,0,742,1190,122,27,56,34.82
500,0,0,163,65,30,1100,785,25,70,3,40.5
500,0,0,163,65,30,1100,785,25,70,7,41.5
500,0,0,163,65,30,1100,785,25,70,28,42.7
0,500,0,163,65,30,1100,785,25,70,3,42.6
0,500,0,163,65,30,1100,785,25,70,7,43.1
0,500,0,163,65,30,1100,785,25,70,28,45.8
0,475,0,163,65,30,1100,785,25,70,3,43.1
0,475,0,163,65,30,1100,785,25,70,7,45.4
0,475,0,163,65,30,1100,785,25,70,28,50.8
0,425,0,163,65,30,1100,785,25,70,3,45
0,425,0,163,65,30,1100,785,25,70,7,48.1
0,425,0,163,65,30,1100,785,25,70,28,52.4
0,375,0,163,65,30,1100,785,25,70,3,39.7
0,375,0,163,65,30,1100,785,25,70,7,42
0,375,0,163,65,30,1100,785,25,70,28,44.1
474,0,0,0,61.6,7.11,793,793,163,75,1,25
474,0,0,0,61.6,7.11,793,793,163,75,7,28.12
474,0,0,0,61.6,7.11,793,793,163,75,28,29
0,300,0,72,48,17.5,828,984,0,27,28,16.91
0,300,0,99,66,17.5,828,984,0,27,28,23.58
0,450,0,108,72,17.5,828,984,0,27,28,22.1
0,450,0,148.5,99,17.5,828,984,0,27,28,29.22
0,300,0,72,48,17.5,828,984,0,27,28,66.75
0,300,0,99,66,17.5,828,984,0,27,28,71.2
0,450,0,108,72,17.5,828,984,0,27,28,74.53
0,450,0,148.5,99,17.5,828,984,0,27,28,79.87
80,320,0,46.6,93.3,0,670,1041,48,23,3,28
80,320,0,46.6,93.3,0,670,1041,48,23,7,39
120,280,0,46.6,93.3,0,670,1041,56,23,3,31
120,280,0,46.6,93.3,0,670,1041,56,23,7,37
160,240,0,46.6,93.3,0,670,1041,64,23,3,27
160,240,0,46.6,93.3,0,670,1041,64,23,7,34
0,311,0,10.4,17.45,0,744,1163,155.5,80,28,2.64
50,281,0,33.11,20.2,0,723,1102,144.47,80,28,7.52
105,244,0,70.07,20.84,0,703,1095,131.16,80,28,61.35
165,202,0,122.96,21.92,0,682,1067,107.61,80,28,68.54
0,400,0,60.19,22.13,0,682,1067,142.68,80,28,47.26
56,317,0,49.88,16.54,0,703,1099,136.88,80,28,10.45
104,242,0,28.95,30.8,0,723,1102,137.87,80,28,76.35
144,176,0,42.83,22.47,0,744,1163,117.52,80,28,70.56
0,375,0,100.32,20.44,0,723,1102,87.8,80,28,86.24
52,294,0,86.9,24.04,0,744,1163,84.71,80,28,89.52
125,292,0,27.86,21.73,0,682,1067,149.32,80,28,16.58
175,213,0,19.47,26.02,0,703,1095,143.17,80,28,53.68
0,427,0,71.34,33.78,0,703,1095,105.1,80,28,96.58
67,381,0,28.99,34.97,0,682,1067,138.36,80,28,92.24
110,256,0,78.31,18.06,0,744,1163,82.42,80,28,62.54
174,213,0,38.86,18.69,0,723,1102,111.47,80,28,35.64
0,311,0,10.4,17.45,0,744,1163,155.5,80,1,3.24
50,281,0,33.11,20.2,0,723,1102,144.47,80,1,5.36
105,244,0,70.07,20.84,0,703,1095,131.16,80,1,75.24
165,202,0,122.96,21.92,0,682,1067,107.61,80,1,80.51
0,400,0,60.19,22.13,0,682,1067,142.68,80,1,62.35
56,317,0,49.88,16.54,0,703,1099,136.88,80,1,5.24
104,242,0,28.95,30.8,0,723,1102,137.87,80,1,110.21
144,176,0,42.83,22.47,0,744,1163,117.52,80,1,86.21
0,375,0,100.32,20.44,0,723,1102,87.8,80,1,110.25
52,294,0,86.9,24.04,0,744,1163,84.71,80,1,108.24
125,292,0,27.86,21.73,0,682,1067,149.32,80,1,20.34
175,213,0,19.47,26.02,0,703,1095,143.17,80,1,68.35
0,427,0,71.34,33.78,0,703,1095,105.1,80,1,120.35
67,381,0,28.99,34.97,0,682,1067,138.36,80,1,110.35
110,256,0,78.31,18.06,0,744,1163,82.42,80,1,79.25
174,213,0,38.86,18.69,0,723,1102,111.47,80,1,45.24
139,208,0,70.72,10.7,0,702.78,1099,129.72,80,28,3.36
139,208,0,47.15,15.05,0,703,1099,144.34,80,28,1.25
139,208,0,70.72,16.64,0,702.78,1099,129.72,80,28,7.82
118,275,0,106.61,13.9,0,682.11,1067,110.5,80,28,51.35
118,275,0,66.63,21.26,0,682,1067,135.29,80,28,48.65
118,275,0,106.61,20.61,0,682.11,1067,110.5,80,28,72.68
89,355,0,120.6,23.31,0,661.44,1034,102.81,80,28,89.98
89,355,0,90.45,28.87,0,661,1034,121.5,80,28,83.26
89,355,0,150.75,25.34,0,661.44,1034,84.12,80,28,87.25
89,355,0,120.6,30.9,0,661.44,1034,102.81,80,28,95.21
118,275,0,106.61,20.61,0,682.11,1067,130.12,80,28,73.48
118,275,0,106.61,20.61,0,682.11,1067,90.88,80,28,83.31
118,275,0,79.95,23.87,0,682.11,1067,127.03,80,28,85.62
118,275,0,53.3,27.14,0,682.11,1067,143.55,80,28,67.51
139,208,0,70.72,10.7,0,702.78,1099,129.72,80,1,6.35
139,208,0,47.15,15.05,0,703,1099,144.34,80,1,5.24
139,208,0,70.72,16.64,0,702.78,1099,129.72,80,1,5
118,275,0,106.61,13.9,0,682.11,1067,110.5,80,1,66.81
118,275,0,66.63,21.26,0,682,1067,135.29,80,1,70.44
118,275,0,106.61,20.61,0,682.11,1067,110.5,80,1,84.24
89,355,0,120.6,23.31,0,661.44,1034,102.81,80,1,106.52
89,355,0,90.45,28.87,0,661,1034,121.5,80,1,103.24
89,355,0,150.75,25.34,0,661.44,1034,84.12,80,1,107.1
89,355,0,120.6,30.9,0,661.44,1034,102.81,80,1,112.4
118,275,0,106.61,20.61,0,682.11,1067,130.12,80,1,98.62
118,275,0,106.61,20.61,0,682.11,1067,90.88,80,1,107.25
118,275,0,79.95,23.87,0,682.11,1067,127.03,80,1,103.5
118,275,0,53.3,27.14,0,682.11,1067,143.55,80,1,78.2
120,360,0,160,6.4,0,810.6,552.8,131.9,25,7,11
120,360,0,171.4,5.5,0,807.4,550.6,138.2,25,7,11.5
120,360,0,180,4.8,0,804.9,549,142.9,25,7,10
120,360,0,186.7,4.3,0,803.1,547.7,146.6,25,7,9.5
120,360,0,192,3.8,0,801.5,546.6,149.5,25,7,8.5
120,360,0,196.4,3.5,0,800.3,545.8,151.9,25,7,8
120,360,0,160,11.9,0,800.3,545.8,140.4,25,7,24
120,360,0,171.4,10.2,0,798.6,544.6,145.4,25,7,22
120,360,0,180,8.9,0,787.2,543.7,149.3,25,7,18
120,360,0,186.7,7.9,0,796.2,543,152.2,25,7,16
120,360,0,192,7.2,0,795.4,542.4,154.6,25,7,14
120,360,0,196.4,6.5,0,794.7,542,156.5,25,7,13
120,360,0,160,16.7,0,791.4,539.7,147.7,25,7,35
120,360,0,171.4,14.3,0,790.9,539.4,151.7,25,7,32.5
120,360,0,180,12.5,0,790.5,539.1,154.8,25,7,31.9
120,360,0,186.7,11.2,0,790.3,538.9,157.1,25,7,30.02
120,360,0,192,10,0,790,538.8,159,25,7,28
120,360,0,196.4,9.1,0,789.8,538.7,150.6,25,7,27.89
120,360,0,160,21,0,783.5,534.4,154.2,25,7,45
120,360,0,171.4,18,0,784.2,534.8,157.3,25,7,42
120,360,0,180,15.7,0,784.6,535.1,159.6,25,7,39
120,360,0,186.7,14,0,785,535.4,161.4,25,7,38
120,360,0,192,12.6,0,785.3,535.6,162.9,25,7,37.85
120,360,0,196.4,11.4,0,785.6,535.7,164.1,25,7,38.49
120,360,0,160,24.7,0,776.6,529.6,159.9,25,7,55
120,360,0,171.4,21.2,0,778.2,530.7,162.2,25,7,53
120,360,0,180,18.5,0,779.4,531.6,163.9,25,7,50
120,360,0,186.7,16.5,0,780.4,532.2,165.2,25,7,49
120,360,0,192,14.8,0,781.1,532.7,166.3,25,7,50.02
120,360,0,196.4,13.5,0,781.8,533.2,167.2,25,7,48
120,360,0,160,28,0,770.4,525.4,165,25,7,56
120,360,0,171.4,24,0,772.9,527.1,166.6,25,7,55
120,360,0,180,21,0,774.8,528.4,167.7,25,7,50
120,360,0,186.7,18.7,0,776.2,529.4,168.6,25,7,51
120,360,0,192,16.8,0,777.4,530.2,169.4,25,7,49
120,360,0,196.4,15.3,0,778.4,530.8,170,25,7,44
120,360,0,160,6.4,0,810.6,552.8,131.9,25,28,12.8
120,360,0,171.4,5.5,0,807.4,550.6,138.2,25,28,11
120,360,0,180,4.8,0,804.9,549,142.9,25,28,11.9
120,360,0,186.7,4.3,0,803.1,547.7,146.6,25,28,9.8
120,360,0,192,3.8,0,801.5,546.6,149.5,25,28,8
120,360,0,196.4,3.5,0,800.3,545.8,151.9,25,28,7.6
120,360,0,160,11.9,0,800.3,545.8,140.4,25,28,26
120,360,0,171.4,10.2,0,798.6,544.6,145.4,25,28,28
120,360,0,180,8.9,0,787.2,543.7,149.3,25,28,25
120,360,0,186.7,7.9,0,796.2,543,152.2,25,28,23
120,360,0,192,7.2,0,795.4,542.4,154.6,25,28,20
120,360,0,196.4,6.5,0,794.7,542,156.5,25,28,14
120,360,0,160,16.7,0,791.4,539.7,147.7,25,28,38
120,360,0,171.4,14.3,0,790.9,539.4,151.7,25,28,36.5
120,360,0,180,12.5,0,790.5,539.1,154.8,25,28,35
120,360,0,186.7,11.2,0,790.3,538.9,157.1,25,28,34
120,360,0,192,10,0,790,538.8,159,25,28,29
120,360,0,196.4,9.1,0,789.8,538.7,150.6,25,28,28
120,360,0,160,21,0,783.5,534.4,154.2,25,28,50
120,360,0,171.4,18,0,784.2,534.8,157.3,25,28,49
120,360,0,180,15.7,0,784.6,535.1,159.6,25,28,48
120,360,0,186.7,14,0,785,535.4,161.4,25,28,45
120,360,0,192,12.6,0,785.3,535.6,162.9,25,28,42
120,360,0,196.4,11.4,0,785.6,535.7,164.1,25,28,40
120,360,0,160,24.7,0,776.6,529.6,159.9,25,28,58
120,360,0,171.4,21.2,0,778.2,530.7,162.2,25,28,56
120,360,0,180,18.5,0,779.4,531.6,163.9,25,28,55
120,360,0,186.7,16.5,0,780.4,532.2,165.2,25,28,53.5
120,360,0,192,14.8,0,781.1,532.7,166.3,25,28,53
120,360,0,196.4,13.5,0,781.8,533.2,167.2,25,28,50
120,360,0,160,28,0,770.4,525.4,165,25,28,59
120,360,0,171.4,24,0,772.9,527.1,166.6,25,28,56
120,360,0,180,21,0,774.8,528.4,167.7,25,28,57
120,360,0,186.7,18.7,0,776.2,529.4,168.6,25,28,54
120,360,0,192,16.8,0,777.4,530.2,169.4,25,28,54.5
120,360,0,196.4,15.3,0,778.4,530.8,170,25,28,50
120,360,0,160,6.4,0,810.6,552.8,131.9,25,56,13
120,360,0,171.4,5.5,0,807.4,550.6,138.2,25,56,11
120,360,0,180,4.8,0,804.9,549,142.9,25,56,10.8
120,360,0,186.7,4.3,0,803.1,547.7,146.6,25,56,10
120,360,0,192,3.8,0,801.5,546.6,149.5,25,56,9
120,360,0,196.4,3.5,0,800.3,545.8,151.9,25,56,8.6
120,360,0,160,11.9,0,800.3,545.8,140.4,25,56,26.45
120,360,0,171.4,10.2,0,798.6,544.6,145.4,25,56,25.86
120,360,0,180,8.9,0,787.2,543.7,149.3,25,56,24.64
120,360,0,186.7,7.9,0,796.2,543,152.2,25,56,23.89
120,360,0,192,7.2,0,795.4,542.4,154.6,25,56,16.92
120,360,0,196.4,6.5,0,794.7,542,156.5,25,56,14.68
120,360,0,160,16.7,0,791.4,539.7,147.7,25,56,41
120,360,0,171.4,14.3,0,790.9,539.4,151.7,25,56,39
120,360,0,180,12.5,0,790.5,539.1,154.8,25,56,35
120,360,0,186.7,11.2,0,790.3,538.9,157.1,25,56,34.93
120,360,0,192,10,0,790,538.8,159,25,56,31.65
120,360,0,196.4,9.1,0,789.8,538.7,150.6,25,56,26.33
120,360,0,160,21,0,783.5,534.4,154.2,25,56,52
120,360,0,171.4,18,0,784.2,534.8,157.3,25,56,51.32
120,360,0,180,15.7,0,784.6,535.1,159.6,25,56,46.34
120,360,0,186.7,14,0,785,535.4,161.4,25,56,44.64
120,360,0,192,12.6,0,785.3,535.6,162.9,25,56,40.91
120,360,0,196.4,11.4,0,785.6,535.7,164.1,25,56,40
120,360,0,160,24.7,0,776.6,529.6,159.9,25,56,62
120,360,0,171.4,21.2,0,778.2,530.7,162.2,25,56,58
120,360,0,180,18.5,0,779.4,531.6,163.9,25,56,52
120,360,0,186.7,16.5,0,780.4,532.2,165.2,25,56,51.32
120,360,0,192,14.8,0,781.1,532.7,166.3,25,56,57.96
120,360,0,196.4,13.5,0,781.8,533.2,167.2,25,56,52.61
120,360,0,160,28,0,770.4,525.4,165,25,56,58.96
120,360,0,171.4,24,0,772.9,527.1,166.6,25,56,57.33
120,360,0,180,21,0,774.8,528.4,167.7,25,56,54.96
120,360,0,186.7,18.7,0,776.2,529.4,168.6,25,56,53.77
120,360,0,192,16.8,0,777.4,530.2,169.4,25,56,55.32
120,360,0,196.4,15.3,0,778.4,530.8,170,25,56,51.36
120,360,0,160,6.4,0,810.6,552.8,131.9,25,90,14
120,360,0,171.4,5.5,0,807.4,550.6,138.2,25,90,12
120,360,0,180,4.8,0,804.9,549,142.9,25,90,11
120,360,0,186.7,4.3,0,803.1,547.7,146.6,25,90,10
120,360,0,192,3.8,0,801.5,546.6,149.5,25,90,9.7
120,360,0,196.4,3.5,0,800.3,545.8,151.9,25,90,9.5
120,360,0,160,11.9,0,800.3,545.8,140.4,25,90,27.6
120,360,0,171.4,10.2,0,798.6,544.6,145.4,25,90,26.8
120,360,0,180,8.9,0,787.2,543.7,149.3,25,90,25
120,360,0,186.7,7.9,0,796.2,543,152.2,25,90,24.8
120,360,0,192,7.2,0,795.4,542.4,154.6,25,90,22.6
120,360,0,196.4,6.5,0,794.7,542,156.5,25,90,18.85
120,360,0,160,16.7,0,791.4,539.7,147.7,25,90,40.06
120,360,0,171.4,14.3,0,790.9,539.4,151.7,25,90,39.82
120,360,0,180,12.5,0,790.5,539.1,154.8,25,90,37.41
120,360,0,186.7,11.2,0,790.3,538.9,157.1,25,90,34.61
120,360,0,192,10,0,790,538.8,159,25,90,32.94
120,360,0,196.4,9.1,0,789.8,538.7,150.6,25,90,25.42
120,360,0,160,21,0,783.5,534.4,154.2,25,90,54
120,360,0,171.4,18,0,784.2,534.8,157.3,25,90,48
120,360,0,180,15.7,0,784.6,535.1,159.6,25,90,47
120,360,0,186.7,14,0,785,535.4,161.4,25,90,42.6
120,360,0,192,12.6,0,785.3,535.6,162.9,25,90,44
120,360,0,196.4,11.4,0,785.6,535.7,164.1,25,90,39.86
120,360,0,160,24.7,0,776.6,529.6,159.9,25,90,63
120,360,0,171.4,21.2,0,778.2,530.7,162.2,25,90,59.65
120,360,0,180,18.5,0,779.4,531.6,163.9,25,90,54
120,360,0,186.7,16.5,0,780.4,532.2,165.2,25,90,53.96
120,360,0,192,14.8,0,781.1,532.7,166.3,25,90,59
120,360,0,196.4,13.5,0,781.8,533.2,167.2,25,90,52
120,360,0,160,28,0,770.4,525.4,165,25,90,63
120,360,0,171.4,24,0,772.9,527.1,166.6,25,90,58
120,360,0,180,21,0,774.8,528.4,167.7,25,90,54
120,360,0,186.7,18.7,0,776.2,529.4,168.6,25,90,52.3
120,360,0,192,16.8,0,777.4,530.2,169.4,25,90,54.63
120,360,0,196.4,15.3,0,778.4,530.8,170,25,90,51.98
0,400,0,143,57.1,8,810,990,56,22,3,58.32
0,400,0,143,57.1,8,810,990,56,22,28,89.6
0,400,0,143,57.1,12,810,990,56,23,3,57
0,400,0,143,57.1,12,810,990,56,23,28,89.2
0,400,0,143,57.1,16,810,990,56,24,3,56.24
0,400,0,143,57.1,16,810,990,56,24,28,88.7
0,400,0,143,57.1,20,810,990,56,25,3,54.2
0,400,0,143,57.1,20,810,990,56,25,28,86.11
0,400,0,143,57.1,24,810,990,56,26,3,52.33
0,400,0,143,57.1,24,810,990,56,26,28,84.1
400,0,0,120,60,0,600,1200,80,27,28,24
400,0,0,120,60,0,600,1200,80,400,28,38
400,0,0,120,60,0,600,1200,80,600,28,21
400,0,0,120,60,0,600,1200,80,800,28,17
400,0,0,120,60,0,600,1200,80,1000,28,12
410,0,0,147,58,0,590,1100,69,70,7,26
410,0,0,147,58,0,590,1100,69,70,14,32
410,0,0,147,58,0,590,1100,69,70,28,38
410,55,0,147,58,0,590,1045,69,70,7,27
410,55,0,147,58,0,590,1045,69,70,14,32.6
410,55,0,147,58,0,590,1045,69,70,28,40
410,110,0,147,58,0,590,990,69,70,7,28
410,110,0,147,58,0,590,990,69,70,14,31
410,110,0,147,58,0,590,990,69,70,28,40.16
410,165,0,147,58,0,590,935,69,70,7,29.61
410,165,0,147,58,0,590,935,69,70,14,34.95
410,165,0,147,58,0,590,935,69,70,28,40.24
410,220,0,147,58,0,590,880,69,70,7,32.5
410,220,0,147,58,0,590,880,69,70,14,35
410,220,0,147,58,0,590,880,69,70,28,41.85
410,275,0,147,58,0,590,825,69,70,7,34.13
410,275,0,147,58,0,590,825,69,70,14,36.22
410,275,0,147,58,0,590,825,69,70,28,42.41
410,330,0,147,58,0,590,770,69,70,7,34.51
410,330,0,147,58,0,590,770,69,70,14,37
410,330,0,147,58,0,590,770,69,70,28,44
410,385,0,147,58,0,590,715,69,70,7,32
410,385,0,147,58,0,590,715,69,70,14,33.54
410,385,0,147,58,0,590,715,69,70,28,40.18
410,440,0,147,58,0,590,660,69,70,7,28.33
410,440,0,147,58,0,590,660,69,70,14,30
410,440,0,147,58,0,590,660,69,70,28,33.25
410,330,0,102.5,41,0,590,770,69,70,7,31
410,330,0,102.5,41,0,590,770,69,70,14,34
410,330,0,102.5,41,0,590,770,69,70,28,36
410,330,0,117,47,0,590,770,69,70,7,32
410,330,0,117,47,0,590,770,69,70,14,35
410,330,0,117,47,0,590,770,69,70,28,36.41
410,330,0,131.5,53,0,590,770,69,70,7,33
410,330,0,131.5,53,0,590,770,69,70,14,38
410,330,0,131.5,53,0,590,770,69,70,28,39
410,330,0,147,58,0,590,770,69,70,7,35
410,330,0,147,58,0,590,770,69,70,14,41
410,330,0,147,58,0,590,770,69,70,28,44
410,330,0,157,63,0,590,770,69,70,7,32
410,330,0,157,63,0,590,770,69,70,14,43
410,330,0,157,63,0,590,770,69,70,28,44.62
410,330,0,176,70,0,590,770,69,70,7,38
410,330,0,176,70,0,590,770,69,70,14,42.31
410,330,0,176,70,0,590,770,69,70,28,48
410,330,0,190.5,76,0,590,770,69,70,7,35
410,330,0,190.5,76,0,590,770,69,70,14,39
410,330,0,190.5,76,0,590,770,69,70,28,43
410,330,0,205.5,82,0,590,770,69,70,7,31.87
410,330,0,205.5,82,0,590,770,69,70,14,37
410,330,0,205.5,82,0,590,770,69,70,28,38.62
0,0,400,90,45,0,600,1250,0,21,28,38
0,0,400,90,45,0,600,1140,0,21,28,36
0,0,400,90,45,0,600,1140,0,21,28,30
0,0,400,90,45,0,600,1140,0,21,28,28
0,0,400,115,45,0,600,1250,0,21,28,40
0,0,400,115,45,0,600,1140,0,21,28,38
0,0,400,115,45,0,600,1140,0,21,28,30
0,0,400,115,45,0,600,1140,0,21,28,29
0,0,400,135,45,0,600,1250,0,21,28,39
0,0,400,135,45,0,600,1140,0,21,28,37
0,0,400,135,45,0,600,1140,0,21,28,33
0,0,400,135,45,0,600,1140,0,21,28,31
336,96,0,171.43,68.6,0,504,1176,0,25,7,27.17
336,96,0,171.43,68.6,0,504,1176,0,25,14,43.43
336,96,0,171.43,68.6,0,504,1176,0,25,28,55.6
336,96,0,171.43,68.6,0,504,1176,0,25,90,48.14
0,400,0,87,58,0,560,1292,0,20,7,21
0,400,0,87,58,0,560,1292,0,19,28,29
0,320,0,87,58,0,560,1292,0,20,7,24
0,320,0,87,58,0,560,1292,0,19,28,34
0,240,0,87,58,0,560,1292,0,20,7,24.85
0,240,0,87,58,0,560,1292,0,19,28,36.16
0,160,0,87,58,0,560,1292,0,20,7,21
0,160,0,87,58,0,560,1292,0,19,28,29
0,400,0,145,58,0,560,1292,0,20,7,25
0,400,0,145,58,0,560,1292,0,19,28,37
0,320,0,145,58,0,560,1292,0,20,7,24.31
0,320,0,145,58,0,560,1292,0,19,28,36.8
0,240,0,145,58,0,560,1292,0,20,7,28
0,240,0,145,58,0,560,1292,0,19,28,42
0,160,0,145,58,0,560,1292,0,20,7,22.46
0,160,0,145,58,0,560,1292,0,19,28,29.36
400,0,0,113,45,4,554,1293,80,100,3,44
400,0,0,113,45,4,554,1293,80,100,7,44.2
400,0,0,113,45,4,554,1293,80,100,14,44.13
400,0,0,113,45,4,554,1293,80,100,21,43.84
400,0,0,113,45,4,554,1293,80,100,28,43.97
380,0,0,113,45,4,554,1293,80,100,3,37
380,0,0,113,45,4,554,1293,80,100,7,48
380,0,0,113,45,4,554,1293,80,100,14,47.59
380,0,0,113,45,4,554,1293,80,100,21,47.44
380,0,0,113,45,4,554,1293,80,100,28,47
360,0,0,113,45,4,554,1293,80,100,3,44
360,0,0,113,45,4,554,1293,80,100,7,44.1
360,0,0,113,45,4,554,1293,80,100,14,44.09
360,0,0,113,45,4,554,1293,80,100,21,45
360,0,0,113,45,4,554,1293,80,100,28,49
340,0,0,113,45,4,554,1293,80,100,3,64
340,0,0,113,45,4,554,1293,80,100,7,64.58
340,0,0,113,45,4,554,1293,80,100,14,68
340,0,0,113,45,4,554,1293,80,100,21,66.78
340,0,0,113,45,4,554,1293,80,100,28,68.94
320,0,0,113,45,4,554,1293,80,100,3,28
320,0,0,113,45,4,554,1293,80,100,7,34
320,0,0,113,45,4,554,1293,80,100,14,38
320,0,0,113,45,4,554,1293,80,100,21,37
320,0,0,113,45,4,554,1293,80,100,28,41
280,0,0,113,45,4,554,1293,80,100,3,29
280,0,0,113,45,4,554,1293,80,100,7,32
280,0,0,113,45,4,554,1293,80,100,14,33
280,0,0,113,45,4,554,1293,80,100,21,34
280,0,0,113,45,4,554,1293,80,100,28,40
240,0,0,113,45,4,554,1293,80,100,3,31
240,0,0,113,45,4,554,1293,80,100,7,30.09
240,0,0,113,45,4,554,1293,80,100,14,29.45
240,0,0,113,45,4,554,1293,80,100,21,29.63
240,0,0,113,45,4,554,1293,80,100,28,30
0,489.13,0,160.7,64.28,29.34,1083.33,662.5,112.5,22,28,30
0,489.13,0,160.7,64.28,29.34,1083.33,662.5,112.5,23,28,33.5
0,489.13,0,160.7,64.28,29.34,1083.33,662.5,112.5,24,28,32.7
0,489.13,0,149.9,74.99,29.34,1083.33,662.5,112.5,25,28,29.75
0,489.13,0,160.7,64.28,29.34,1083.33,662.5,112.5,26,28,31.5
0,489.13,0,168.7,56.25,29.34,1083.33,662.5,112.5,27,28,30.25
0,510.23,0,165.5,66.2,32.4,1187.21,714.5,124.2,28,28,26
0,510.23,0,165.5,66.2,32.4,1187.21,714.5,124.2,29,28,28.5
0,510.23,0,165.5,66.2,32.4,1187.21,714.5,124.2,30,28,26.7
0,510.23,0,154.5,77.2,32.4,1187.21,714.5,124.2,22,28,26.5
0,510.23,0,165.5,66.2,32.4,1187.21,714.5,124.2,23,28,29.7
0,510.23,0,173.8,57.9,32.4,1187.21,714.5,124.2,24,28,27.25
0,500,0,163,65,5,825,825,40,27,7,27.6
0,500,0,163,65,5,825,825,40,27,28,43.5
140,240,0,163,65,4,825,825,32,27,7,17.4
140,240,0,163,65,4,825,825,32,27,28,22.8
157.5,270,0,163,65,4.5,825,825,36,27,7,18.5
157.5,270,0,163,65,4.5,825,825,36,27,28,23.7
140,240,0,163,65,4,825,825,32,27,7,20.4
140,240,0,163,65,4,825,825,32,27,28,30.4
157.5,270,0,163,65,4.5,825,825,36,27,7,20.8
157.5,270,0,163,65,4.5,825,825,36,27,28,31.2
140,240,0,163,65,4,825,825,32,27,7,24.8
140,240,0,163,65,4,825,825,32,27,28,38.4
157.5,270,0,163,65,4.5,825,825,36,27,7,25.6
157.5,270,0,163,65,4.5,825,825,36,27,28,40.2
0,468.08,0,157.13,62.85,28.08,1066.66,678.8,112.34,25,28,34.61
0,468.08,0,157.13,62.85,28.08,1066.66,678.8,112.34,25,28,32
0,468.08,0,157.13,62.85,28.08,1066.66,678.8,112.34,25,28,33.4
0,468.08,0,146.66,73.33,28.08,1066.66,685.6,112.34,25,28,32.42
0,468.08,0,165,55,28.08,1066.66,673.6,112.34,25,28,21.42
0,468.08,0,157.13,62.85,18.72,1066.66,701.4,112.34,25,28,23.33
0,468.08,0,157.13,62.85,37.45,1066.66,656.2,112.34,25,28,32.98
0,468.08,0,157.13,62.85,28.08,1066.66,678.8,84.25,25,28,31.84
0,468.08,0,157.13,62.85,28.08,1066.66,678.8,98.3,25,28,34.59
440,0,0,98,56,0,723,1085,0,60,3,25
440,0,0,98,56,0,723,1085,0,60,7,30
440,0,0,98,56,0,723,1085,0,60,28,35
414,0,0,104,104,0,588,1091,0,60,7,40.73
414,0,0,104,104,0,588,1091,0,60,28,46.67
414,0,0,104,104,0,588,1091,0,61,7,42.91
414,0,0,104,104,0,588,1091,0,61,28,54.4
414,0,0,104,104,0,588,1091,0,62,7,41.2
414,0,0,104,104,0,588,1091,0,62,28,43.42
414,0,0,138,69,0,588,1091,0,59,7,37.69
414,0,0,138,69,0,588,1091,0,59,28,40.09
414,0,0,138,69,0,588,1091,0,58,7,38.85
414,0,0,138,69,0,588,1091,0,58,28,48.18
414,0,0,138,69,0,588,1091,0,57,7,39.27
414,0,0,138,69,0,588,1091,0,57,28,49.5
350,0,0,100,65.6,0,663.68,1327.37,0,30,28,23
175,175,0,100,65.6,0,677.18,1354.36,0,30,28,43
0,350,0,100,65.6,0,690.67,1381.35,0,30,28,60
400,0,0,114.29,74.97,0,632.43,1264.86,0,30,28,28
200,200,0,114.29,74.97,0,647.85,1295.71,0,30,28,46
0,400,0,114.29,74.97,0,663.28,1326.55,0,30,28,71
450,0,0,128.57,84.34,0,601.18,1202.36,0,30,28,40
225,225,0,128.57,84.34,0,618.53,1237.06,0,30,28,55
0,450,0,128.57,84.34,0,635.88,1271.76,0,30,28,78
400,0,0,92.86,60.91,0,649.86,1299.73,0,30,28,31
200,200,0,92.86,60.91,0,665.29,1330.58,0,30,28,53.3
0,400,0,92.86,60.91,0,680.71,1361.42,0,30,28,79.4
400,0,0,135.71,89.03,0,615,1299.99,0,30,28,25.3
200,200,0,135.71,89.03,0,630.42,1260.84,0,30,28,43.4
0,400,0,135.71,89.03,0,645.84,1291.69,0,30,28,62.1
400,0,0,114.29,60.34,0,632.43,1264.86,0,30,28,26.9
200,200,0,114.29,60.34,0,647.85,1295.71,0,30,28,44.1
0,400,0,114.29,60.34,0,663.28,1326.55,0,30,28,62.1
400,0,0,114.29,60.34,0,632.43,1264.86,0,30,28,28.6
200,200,0,114.29,60.34,0,647.85,1295.71,0,30,28,46.7
0,400,0,114.29,60.34,0,663.28,1326.55,0,30,28,66.2
400,0,0,114.29,60.34,0,632.43,1264.86,0,30,28,30.9
200,200,0,114.29,60.34,0,647.85,1295.71,0,30,28,50.5
0,400,0,114.29,60.34,0,663.28,1326.55,0,30,28,71.8
400,0,0,106.67,87.46,0,632.43,1264.86,0,30,28,27.8
200,200,0,106.67,87.46,0,647.85,1295.71,0,30,28,43.4
0,400,0,106.67,87.46,0,663.28,1326.55,0,30,28,58.6
400,0,0,120,65.6,0,632.43,1264.86,0,30,28,31
200,200,0,120,65.6,0,647.85,1295.71,0,30,28,51.3
0,400,0,120,65.6,0,663.28,1326.55,0,30,28,78.3
350,0,0,100,65.6,0,663.68,1327.37,0,60,28,27
175,175,0,100,65.6,0,677.18,1354.36,0,60,28,43
0,350,0,100,65.6,0,690.67,1381.35,0,60,28,54
400,0,0,114.29,74.97,0,632.43,1264.86,0,60,28,34
200,200,0,114.29,74.97,0,647.85,1295.71,0,60,28,50
0,400,0,114.29,74.97,0,663.28,1326.55,0,60,28,62
450,0,0,128.57,84.34,0,601.18,1202.36,0,60,28,43
225,225,0,128.57,84.34,0,618.53,1237.06,0,60,28,58
0,450,0,128.57,84.34,0,635.88,1271.76,0,60,28,71
400,0,0,92.86,60.91,0,649.86,1299.73,0,60,28,36.4
200,200,0,92.86,60.91,0,665.29,1330.58,0,60,28,55.5
0,400,0,92.86,60.91,0,680.71,1361.42,0,60,28,71.3
400,0,0,135.71,89.03,0,615,1299.99,0,60,28,29.6
200,200,0,135.71,89.03,0,630.42,1260.84,0,60,28,45.2
0,400,0,135.71,89.03,0,645.84,1291.69,0,60,28,55.8
400,0,0,114.29,60.34,0,632.43,1264.86,0,60,28,31.5
200,200,0,114.29,60.34,0,647.85,1295.71,0,60,28,45.9
0,400,0,114.29,60.34,0,663.28,1326.55,0,60,28,55.8
400,0,0,114.29,60.34,0,632.43,1264.86,0,60,28,33.6
200,200,0,114.29,60.34,0,647.85,1295.71,0,60,28,48.7
0,400,0,114.29,60.34,0,663.28,1326.55,0,60,28,59.5
400,0,0,114.29,60.34,0,632.43,1264.86,0,60,28,36.2
200,200,0,114.29,60.34,0,647.85,1295.71,0,60,28,52.6
0,400,0,114.29,60.34,0,663.28,1326.55,0,60,28,64.5
400,0,0,106.67,87.46,0,632.43,1264.86,0,60,28,32.6
200,200,0,106.67,87.46,0,647.85,1295.71,0,60,28,45.2
0,400,0,106.67,87.46,0,663.28,1326.55,0,60,28,52.7
400,0,0,120,65.6,0,632.43,1264.86,0,60,28,36.4
200,200,0,120,65.6,0,647.85,1295.71,0,60,28,53.5
0,400,0,120,65.6,0,663.28,1326.55,0,60,28,70.3
350,0,0,100,65.6,0,663.68,1327.37,0,90,28,31
175,175,0,100,65.6,0,677.18,1354.36,0,90,28,40
0,350,0,100,65.6,0,690.67,1381.35,0,90,28,47
400,0,0,114.29,74.97,0,632.43,1264.86,0,90,28,38
200,200,0,114.29,74.97,0,647.85,1295.71,0,90,28,46
0,400,0,114.29,74.97,0,663.28,1326.55,0,90,28,54
450,0,0,128.57,84.34,0,601.18,1202.36,0,90,28,48
225,225,0,128.57,84.34,0,618.53,1237.06,0,90,28,51
0,450,0,128.57,84.34,0,635.88,1271.76,0,90,28,65
400,0,0,92.86,60.91,0,649.86,1299.73,0,90,28,40.7
200,200,0,92.86,60.91,0,665.29,1330.58,0,90,28,51.1
0,400,0,92.86,60.91,0,680.71,1361.42,0,90,28,62.1
400,0,0,135.71,89.03,0,615,1299.99,0,90,28,33.1
200,200,0,135.71,89.03,0,630.42,1260.84,0,90,28,41.6
0,400,0,135.71,89.03,0,645.84,1291.69,0,90,28,48.6
400,0,0,114.29,60.34,0,632.43,1264.86,0,90,28,35.2
200,200,0,114.29,60.34,0,647.85,1295.71,0,90,28,42.2
0,400,0,114.29,60.34,0,663.28,1326.55,0,90,28,48.6
400,0,0,114.29,60.34,0,632.43,1264.86,0,90,28,37.5
200,200,0,114.29,60.34,0,647.85,1295.71,0,90,28,44.8
0,400,0,114.29,60.34,0,663.28,1326.55,0,90,28,51.8
400,0,0,114.29,60.34,0,632.43,1264.86,0,90,28,40.5
200,200,0,114.29,60.34,0,647.85,1295.71,0,90,28,48.4
0,400,0,114.29,60.34,0,663.28,1326.55,0,90,28,56.2
400,0,0,106.67,87.46,0,632.43,1264.86,0,90,28,36.5
200,200,0,106.67,87.46,0,647.85,1295.71,0,90,28,41.6
0,400,0,106.67,87.46,0,663.28,1326.55,0,90,28,45.9
400,0,0,120,65.6,0,632.43,1264.86,0,90,28,40.7
200,200,0,120,65.6,0,647.85,1295.71,0,90,28,49.2
0,400,0,120,65.6,0,663.28,1326.55,0,90,28,61.2
480,480,0,430,170,48,228,432,0,21,28,71.6
360,600,0,430,170,48,228,432,0,21,28,69.8
600,360,0,430,170,48,228,432,0,21,28,66.7
444,444,0,430,170,48,228,432,0,21,28,61.4
421,0,0,217,104,0,708,939,20,80,28,82.5
421,0,0,217,104,0,708,939,20,80,90,86.5
421,0,0,217,104,0,708,939,20,80,365,87.4
420,0,0,241,92,0,706,936,15,80,28,36.9
420,0,0,241,92,0,706,936,15,80,90,45.6
420,0,0,241,92,0,706,936,15,80,365,47
418,0,0,266,75,0,702,931,12,80,28,29.6
418,0,0,266,75,0,702,931,12,80,90,36.5
418,0,0,266,75,0,702,931,12,80,365,42.8
416,0,0,292,65,0,699,927,8,80,28,24.9
416,0,0,292,65,0,699,927,8,80,90,27.7
416,0,0,292,65,0,699,927,8,80,365,28.7
414,0,0,317,52,0,697,924,3,80,28,23
414,0,0,317,52,0,697,924,3,80,90,25.4
414,0,0,317,52,0,697,924,3,80,365,28.69
412,0,0,342,39,0,693,918,0,80,28,31
412,0,0,342,39,0,693,918,0,80,90,33.41
412,0,0,342,39,0,693,918,0,80,365,35.62
409,0,0,365,26,0,687,911,0,80,28,28.33
409,0,0,365,26,0,687,911,0,80,90,29.12
409,0,0,365,26,0,687,911,0,80,365,30.09
0,415,0,71,46,0,784,1040,136,25,28,39.5
0,415,0,71,46,0,784,1040,136,25,90,40.25
0,415,0,71,46,0,784,1040,136,25,180,40.3
0,415,0,71,46,0,784,1040,136,25,365,40.4
320,80,0,158.37,28.5,0,972.72,704.39,0,26,28,44.6
248.45,248.45,0,117.13,46.87,7.45,705.59,1197.52,0,27,3,68.9
248.45,248.45,0,117.13,46.87,7.45,720.23,1184.22,0,27,3,71.46
400,0,0,114.3,45.7,0,651,1209,0,23,28,25.6
400,0,0,114.3,45.7,0,651,1209,0,23,90,33.4
360,40,0,114.3,45.7,0,651,1209,0,23,28,38.3
360,40,0,114.3,45.7,0,651,1209,0,23,90,45.5
340,60,0,114.3,45.7,0,651,1209,0,23,28,46.6
340,60,0,114.3,45.7,0,651,1209,0,23,90,53.3
400,0,0,100,40,0,655.9,1218.1,0,23,28,32.5
400,0,0,100,40,0,655.9,1218.1,0,23,90,41.1
360,40,0,100,40,0,655.9,1218.1,0,23,28,33.3
360,40,0,100,40,0,655.9,1218.1,0,23,90,43
0,395,0,113,45,3.6,647,1201,87.5,25,7,25.5
0,375.3,19.7,113,45,3.6,647,1201,87.5,25,7,14.8
0,354.5,39.5,113,45,3.6,647,1201,87.5,25,7,17.4
0,335.7,59.3,113,45,3.6,647,1201,87.5,25,7,20.1
0,395,0,113,45,3.6,647,1201,87.5,25,28,39.4
0,375.3,19.7,113,45,3.6,647,1201,87.5,25,28,24.7
0,354.5,39.5,113,45,3.6,647,1201,87.5,25,28,28.9
0,335.7,59.3,113,45,3.6,647,1201,87.5,25,28,30.9
0,395,0,113,45,3.6,647,1201,87.5,25,90,41.5
0,375.3,19.7,113,45,3.6,647,1201,87.5,25,90,25.4
0,354.5,39.5,113,45,3.6,647,1201,87.5,25,90,29.9
0,335.7,59.3,113,45,3.6,647,1201,87.5,25,90,33.6
445.75,0,0,35.67,27.29,6.05,707.53,1313.97,0,70,7,27.79
401.12,44.57,0,35.67,27.29,6.05,707.53,1313.97,0,70,7,29.77
356.6,89.15,0,35.67,27.29,6.05,707.53,1313.97,0,70,7,29.86
312.03,133.72,0,35.67,27.29,6.05,707.53,1313.97,0,70,7,30.87
267.45,178.3,0,35.67,27.29,6.05,707.53,1313.97,0,70,7,31.54
222.88,222.88,0,35.67,27.29,6.05,707.53,1313.97,0,70,7,31.58
178.3,267.45,0,35.67,27.29,6.05,707.53,1313.97,0,70,7,27.98
133.73,301.77,0,35.67,27.29,6.05,707.53,1313.97,0,70,7,25.05
89.15,356.6,0,35.67,27.29,6.05,707.53,1313.97,0,70,7,22.85
44.58,401.17,0,35.67,27.29,6.05,707.53,1313.97,0,70,7,14.43
0,445.75,0,35.67,27.29,6.05,707.53,1313.97,0,70,7,15.69
445.75,0,0,35.67,27.29,6.05,707.53,1313.97,0,70,28,29.55
401.12,44.57,0,35.67,27.29,6.05,707.53,1313.97,0,70,28,31.45
356.6,89.15,0,35.67,27.29,6.05,707.53,1313.97,0,70,28,31.98
312.03,133.72,0,35.67,27.29,6.05,707.53,1313.97,0,70,28,32.57
267.45,178.3,0,35.67,27.29,6.05,707.53,1313.97,0,70,28,33.01
222.88,222.88,0,35.67,27.29,6.05,707.53,1313.97,0,70,28,33.39
178.3,267.45,0,35.67,27.29,6.05,707.53,1313.97,0,70,28,29.02
133.73,301.77,0,35.67,27.29,6.05,707.53,1313.97,0,70,28,26.54
89.15,356.6,0,35.67,27.29,6.05,707.53,1313.97,0,70,28,24.75
44.58,401.17,0,35.67,27.29,6.05,707.53,1313.97,0,70,28,23.06
0,445.75,0,35.67,27.29,6.05,707.53,1313.97,0,70,28,22.28
